,Source,SS,DF,MS,F,p-unc,np2
0,test_id,2.2313336085311284,2,1.1156668042655642,0.8953869364938613,0.4119785187803665,0.019093283902452962
1,Within,114.63350849673203,92,1.246016396703609,,,
