,Source,SS,DF1,DF2,MS,F,p-unc,p-GG-corr,np2,eps,sphericity,W-spher,p-spher
0,test_id,122346.04298575544,2,92,61173.02149287772,30.1907472023972,8.305342604981556e-11,,0.39625214755010707,,,,
1,total_stories_count,431346.8060362547,8,736,53918.350754531835,200.49021475098903,3.8103452316764106e-179,2.803888570410688e-80,0.6854595628837565,0.5178256154858336,False,0.06936473928308297,6.327866203506385e-33
2,Interaction,66665.20992641756,16,736,4166.575620401098,15.49301173386205,5.40075226782561e-37,,0.2519475188646613,,,,
