,Source,SS,DF,MS,F,p-unc,np2
0,test_id,0.2899836601307183,2,0.14499183006535915,0.0704810695041825,0.9319956523686276,0.0015298531265139452
1,Within,189.26001633986925,92,2.057174090650753,,,
