,Source,SS,DF1,DF2,MS,F,p-unc,p-GG-corr,np2,eps,sphericity,W-spher,p-spher
0,test_id,43054.77985208119,2,92,21527.389926040596,9.296394361809437,0.00021028428787023826,,0.16811935875931197,,,,
1,total_stories_count,447484.40233918134,8,736,55935.55029239767,309.314504478508,1.5126586086639864e-229,5.183038228582984e-131,0.7707533643232001,0.5845820337920444,False,0.07610750338585594,2.4053110007882452e-31
2,Interaction,14314.35164774675,16,736,894.6469779841718,4.947252422328979,9.079435472395065e-10,,0.09710538227495688,,,,
