,Source,SS,DF,MS,F,p-unc,np2
0,test_id,943.6666735672511,2,471.83333678362555,1.9183157035677478,0.1526824818317737,0.04003303695887041
1,Within,22628.531322222225,92,245.96229698067637,,,
