,Source,SS,DF1,DF2,MS,F,p-unc,p-GG-corr,np2,eps,sphericity,W-spher,p-spher
0,test_id,30486.523715934734,2,92,15243.261857967367,6.828435478883747,0.0017176860740377453,,0.12925681816969892,,,,
1,total_stories_count,357611.45263157896,8,736,44701.43157894737,243.73685540378503,4.138399486395075e-201,2.236084779874147e-103,0.7259758691390817,0.5225822548403992,False,0.06383304535384837,2.3918485288079233e-34
2,Interaction,12688.313105530571,16,736,793.0195690956607,4.323979998351375,3.6811360132102875e-08,,0.08592285424350439,,,,
