,Source,SS,DF1,DF2,MS,F,p-unc,p-GG-corr,np2,eps,sphericity,W-spher,p-spher
0,test_id,6649090.607199235,2,92,3324545.3035996174,3.8898050232870203,0.02389555661004347,,0.07796793395908,,,,
1,total_stories_count,28436982.22655101,8,736,3554622.7783188764,30.814276480872856,9.244545745519065e-42,6.826769570644678e-26,0.25090142094084544,0.6566119453571212,False,0.22424939576487843,7.493759032480395e-14
2,Interaction,10917269.94079706,16,736,682329.3712998163,5.914969663306014,2.646596486082431e-12,,0.1139357241594763,,,,
