,Source,SS,DF1,DF2,MS,F,p-unc,p-GG-corr,np2,eps,sphericity,W-spher,p-spher
0,test_id,31295.485370561473,2,92,15647.742685280737,4.68352230291937,0.011560802009043511,,0.0924071984367511,,,,
1,total_stories_count,311694.5473684211,8,736,38961.81842105264,130.46876242031163,1.2958941940236418e-135,1.0338872189722341e-66,0.5864587953872651,0.49255449171469934,False,0.04861586956657239,4.7320188485904446e-39
2,Interaction,14954.601244505495,16,736,934.6625777815934,3.129840308938234,3.4208971569351476e-05,,0.06370548508314243,,,,
