,Source,SS,DF,MS,F,p-unc,np2
0,test_id,3.629212246302029,2,1.8146061231510144,0.7355638483680792,0.4820320004867549,0.015738846133419738
1,Within,226.96026143790849,92,2.466959363455527,,,
