,Source,SS,DF1,DF2,MS,F,p-unc,p-GG-corr,np2,eps,sphericity,W-spher,p-spher
0,test_id,33813.297507747615,2,92,16906.648753873807,11.058221270921363,4.9684592194573714e-05,,0.1938059235743645,,,,
1,total_stories_count,290701.4066900585,8,736,36337.67583625731,312.54185912964306,7.992629004649789e-231,2.930369908116261e-112,0.7725822484774886,0.5011543251707938,False,0.04928033658694352,8.146053692119427e-39
2,Interaction,10939.97913071129,16,736,683.7486956694556,5.880950930515284,3.253256263243406e-12,,0.11335472509730411,,,,
