,Source,SS,DF,MS,F,p-unc,np2
0,test_id,0.44430480184276255,2,0.22215240092138128,0.6937464361142853,0.5022952942392039,0.014857373611334854
1,Within,29.46036162613193,92,0.32022132202317316,,,
