,Source,SS,DF,MS,F,p-unc,np2
0,test_id,5131.552164854489,2,2565.7760824272445,4.694972803471838,0.011441293190182328,0.09261219690703343
1,Within,50277.47964988236,92,546.4943440204605,,,
