,Source,SS,DF,MS,F,p-unc,np2
0,test_id,9.186542612659096,2,4.593271306329548,4.311111314267035,0.016230069314901636,0.08568904962837715
1,Within,98.02135212418301,92,1.0654494796106848,,,
