,Source,SS,DF1,DF2,MS,F,p-unc,p-GG-corr,np2,eps,sphericity,W-spher,p-spher
0,test_id,30881.656302029573,2,92,15440.828151014786,8.361584783638015,0.0004607053333611114,,0.15381422040798787,,,,
1,total_stories_count,433624.9847953216,8,736,54203.1230994152,262.54161485430194,8.563779498370292e-210,1.3630988138096177e-113,0.7405100102626678,0.5481254460634499,False,0.0836381192486768,9.52438671412813e-30
2,Interaction,12855.427230822155,16,736,803.4642019263847,3.891709130200504,4.5926325695445166e-07,,0.07800312312501578,,,,
