,Source,SS,DF,MS,F,p-unc,np2
0,test_id,2286.447403391814,2,1143.223701695907,3.962845563922077,0.022340385631739266,0.07931584999201144
1,Within,26540.671055555562,92,288.4855549516909,,,
