,Source,SS,DF,MS,F,p-unc,np2
0,test_id,1632.1708922600617,2,816.0854461300308,3.223444594217896,0.04435557098219826,0.06548596143140585
1,Within,23291.81062352941,92,253.17185460358056,,,
