,Source,SS,DF1,DF2,MS,F,p-unc,p-GG-corr,np2,eps,sphericity,W-spher,p-spher
0,test_id,3273.2305710354353,2,92,1636.6152855177177,1.6643654615644963,0.19495964749964553,,0.03491844369367729,,,,
1,total_stories_count,49517.2514619883,8,736,6189.656432748538,63.583014575945334,6.273988250235701e-79,7.457843784367192e-44,0.4086758104619982,0.5849251407238072,False,0.12618224683256352,6.513489497727346e-23
2,Interaction,9205.107492260024,16,736,575.3192182662515,5.909945186505422,2.7285226633733146e-12,,0.11384996006587539,,,,
