,Source,SS,DF1,DF2,MS,F,p-unc,p-GG-corr,np2,eps,sphericity,W-spher,p-spher
0,test_id,35917.87237778544,2,92,17958.93618889272,4.3187526067036694,0.01611708138978237,,0.08582789482997454,,,,
1,total_stories_count,245061.29356725144,8,736,30632.66169590643,139.8309281529518,3.6385329971973176e-142,5.334898968268001e-77,0.6031590748784715,0.540526572391149,False,0.08994242999644159,1.5942976964630025e-28
2,Interaction,9184.155829988886,16,736,574.0097393743054,2.6202200586529223,0.0005261889708850883,,0.05389157135636211,,,,
