,Source,SS,DF1,DF2,MS,F,p-unc,p-GG-corr,np2,eps,sphericity,W-spher,p-spher
0,test_id,76638.20083203446,2,92,38319.10041601723,58.72083278992521,3.675684634308677e-17,,0.5607368775200814,,,,
1,total_stories_count,73620.05887803437,8,736,9202.507359754296,57.15456811009986,2.8711531487845775e-72,3.368535592504535e-61,0.38319019547501,0.8396652703757608,False,0.46330446658117896,0.00039450208406161517
2,Interaction,3057.656737340498,16,736,191.1035460837811,1.1868983325669082,0.27246182674255476,,0.02515313306252529,,,,
