,Source,SS,DF1,DF2,MS,F,p-unc,p-GG-corr,np2,eps,sphericity,W-spher,p-spher
0,test_id,45773.961830829794,2,92,22886.980915414897,11.134013528545063,4.674148716872479e-05,,0.19487539629930484,,,,
1,total_stories_count,171093.60935672515,8,736,21386.701169590644,52.50238752591986,2.8410340596993834e-67,1.9546954521155324e-23,0.3633323187584173,0.3450725835863724,False,0.013714235942073329,1.5777169007819212e-61
2,Interaction,32746.620563391014,16,736,2046.6637852119384,5.024371656684066,5.720258891768267e-10,,0.09847003487843806,,,,
