,Source,SS,DF,MS,F,p-unc,np2
0,test_id,485.42588158513934,2,242.71294079256967,1.3683865182049575,0.25964802996652864,0.028888180889991885
1,Within,16318.189528941173,92,177.37162531457798,,,
