,Source,SS,DF1,DF2,MS,F,p-unc,p-GG-corr,np2,eps,sphericity,W-spher,p-spher
0,test_id,58321.69339257737,2,92,29160.846696288685,25.161017097509667,1.9218589264800522e-09,,0.3535786603925619,,,,
1,total_stories_count,857173.5672514619,8,736,107146.69590643274,406.57761430369646,3.713139068740577e-264,7.533786136961396e-117,0.8154750687543697,0.4696467459752826,False,0.030616111830852454,3.6571183254033975e-47
2,Interaction,40242.44894316397,16,736,2515.153058947748,9.543970737171614,7.022473378619972e-22,,0.1718273038550432,,,,
