,Term,F,Df,Df.res,Pr(>F)
test_id,test_id,2.78384670346998,2.0,92.00000000000094,0.06701350154031986
total_stories_count,total_stories_count,77.0983523476111,8.0,736.0000000000051,4.2268614478722065e-92
test_id:total_stories_count,test_id:total_stories_count,6.539665665442469,16.0,735.9999999999959,5.931120236232208e-14
