,Term,F,Df,Df.res,Pr(>F)
test_id,test_id,11.969379472648797,2.0,91.99999999999879,2.3972994556505257e-05
total_stories_count,total_stories_count,50.40516086767655,8.0,736.0000000000051,5.70441372295749e-65
test_id:total_stories_count,test_id:total_stories_count,2.763602078567554,16.0,735.9999999999893,0.000247821080753768
