,Term,F,Df,Df.res,Pr(>F)
test_id,test_id,36.25056597398363,2.0,91.9999999999975,2.45737301497283e-12
total_stories_count,total_stories_count,337.8044444518756,8.0,736.0000000000051,1.753172268459715e-240
test_id:total_stories_count,test_id:total_stories_count,16.815894933297844,16.0,736.0000000000091,3.259291652539615e-40
