,Term,F,Df,Df.res,Pr(>F)
test_id,test_id,12.015512949464936,2.0,91.9999999999975,2.3111598305728552e-05
total_stories_count,total_stories_count,293.69578346560104,8.0,735.9999999999933,3.2234152959958042e-223
test_id:total_stories_count,test_id:total_stories_count,5.157090582080392,16.0,735.9999999999893,2.5788223841148917e-10
