,Term,F,Df,Df.res,Pr(>F)
test_id,test_id,10.954382223199824,2.0,91.99999999999879,5.4027088604395925e-05
total_stories_count,total_stories_count,281.28304713579104,8.0,736.0000000000051,5.281536835891271e-218
test_id:total_stories_count,test_id:total_stories_count,5.4512907398897035,16.0,735.9999999999959,4.3824278544865367e-11
