,Term,F,Df,Df.res,Pr(>F)
test_id,test_id,7.7726986748927205,2.0,92.0000000000018,0.0007603541959582205
total_stories_count,total_stories_count,219.97425244127407,8.0,736.0000000000051,2.046006643191965e-189
test_id:total_stories_count,test_id:total_stories_count,5.040178045134375,16.0,736.0000000000091,5.203001143865667e-10
