,Term,F,Df,Df.res,Pr(>F)
test_id,test_id,5.18510174780433,2.0,91.99999999999837,0.007349469543290192
total_stories_count,total_stories_count,146.26040465099072,8.0,736.0000000000051,1.628278581585866e-146
test_id:total_stories_count,test_id:total_stories_count,3.056515889399115,16.0,735.9999999999893,5.115079807505634e-05
