,Term,F,Df,Df.res,Pr(>F)
test_id,test_id,38.199053462949166,2.0,91.99999999999964,8.370061092083697e-13
total_stories_count,total_stories_count,245.07011648939442,8.0,736.0000000000051,9.66841473179821e-202
test_id:total_stories_count,test_id:total_stories_count,23.77965227707352,16.0,735.9999999999893,2.7383736200865123e-56
