,Term,F,Df,Df.res,Pr(>F)
test_id,test_id,12.129183056777247,2.0,91.9999999999975,2.1121568320797774e-05
total_stories_count,total_stories_count,54.22270241687276,8.0,736.000000000017,3.876376494225678e-69
test_id:total_stories_count,test_id:total_stories_count,4.68213845943822,16.0,735.9999999999959,4.418125747929875e-09
