,Term,F,Df,Df.res,Pr(>F)
test_id,test_id,5.9895346956404705,2.0,91.9999999999975,0.003586967592107055
total_stories_count,total_stories_count,129.40483312693587,8.0,735.9999999999933,7.487250093308727e-135
test_id:total_stories_count,test_id:total_stories_count,3.823572614660431,16.0,735.9999999999959,6.807178578318347e-07
