,Term,F,Df,Df.res,Pr(>F)
test_id,test_id,9.95630575830266,2.0,92.00000000000266,0.00012184414533660062
total_stories_count,total_stories_count,235.1279203093627,8.0,736.0000000000051,5.694187757652361e-197
test_id:total_stories_count,test_id:total_stories_count,4.1858370312128255,16.0,735.9999999999893,8.284998307629927e-08
