,Term,F,Df,Df.res,Pr(>F)
test_id,test_id,5.325271084818809,2.0,92.00000000000094,0.006480711248347879
total_stories_count,total_stories_count,38.318202710713415,8.0,736.0000000000051,4.922725063330526e-51
test_id:total_stories_count,test_id:total_stories_count,6.605048721621311,16.0,736.0000000000091,3.982942737156318e-14
