,Term,F,Df,Df.res,Pr(>F)
test_id,test_id,62.711404365874785,2.0,92.00000000000094,6.579689140264161e-18
total_stories_count,total_stories_count,56.48024217284702,8.0,736.0000000000051,1.488500998316787e-71
test_id:total_stories_count,test_id:total_stories_count,1.5156771650877134,16.0,736.0000000000091,0.08764871083647541
