,A,B,mean(A),mean(B),diff,se,T,p-tukey,hedges
0,1,2,16.676000000000002,21.476666666666667,-4.800666666666665,4.142393716308162,-1.1589112468394667,0.48068872132006557,-0.2631821060403758
1,1,3,16.676000000000002,11.815882352941177,4.860117647058825,4.192028769211346,1.159371253068277,0.48041218157099175,0.3357769231110311
2,2,3,21.476666666666667,11.815882352941177,9.66078431372549,3.8050995433126973,2.538904489556367,0.03391086201805871,0.6263182792580836
